peptide,identity_15,emms,regions,targets,best_mhc2_score,mean_mhc2_score,n_alleles_tested,priority_score
LEARKADLEKALEGA,9,emm24,"A,B",sp|P12883|MYH7_HUMAN,0.387313,0.2068072,5,3.485817
LTDQNKNLTTENKEL,9,emm6,"A,B",sp|P12883|MYH7_HUMAN,0.285568,0.169828,5,2.570112
QELEARKADLEKALE,9,emm24,"A,B",sp|P12883|MYH7_HUMAN,0.27437,0.16776,5,2.4693300000000002
EKAKQALEDQRKDLE,9,emm1,"A,B",sp|P12883|MYH7_HUMAN,0.21522,0.11088659999999999,5,1.93698
KAKQALEDQRKDLET,9,emm1,"A,B",sp|P12883|MYH7_HUMAN,0.160784,0.0950956,5,1.4470560000000001
LEKAKQALEDQRKDL,9,emm1,"A,B",sp|P12883|MYH7_HUMAN,0.111232,0.0996688,5,1.001088
EARKADLEKALEGAM,8,emm24,"A,B",sp|P12883|MYH7_HUMAN,0.480491,0.3114192,5,3.843928
DFKRAEELEKAKQAL,8,emm1,"A,B",sp|P12883|MYH7_HUMAN,0.47417,0.2505866,5,3.79336
YVQQLKMLNRDLEQA,8,emm12,"A,B",sp|P12883|MYH7_HUMAN,0.433678,0.2602286,5,3.469424
DWYVQQLKMLNRDLE,8,emm12,"A,B",sp|P12883|MYH7_HUMAN,0.369113,0.2369344,5,2.952904
WYVQQLKMLNRDLEQ,8,emm12,"A,B",sp|P12883|MYH7_HUMAN,0.365952,0.2347922,5,2.927616
LTDQNKNLTTENKNL,8,emm6,"A,B",sp|P12883|MYH7_HUMAN,0.331994,0.20881460000000002,5,2.655952
FKRAEELEKAKQALE,8,emm1,"A,B",sp|P12883|MYH7_HUMAN,0.326698,0.165298,5,2.613584
QNKNLTTENKNLTDQ,8,emm6,"A,B",sp|P12883|MYH7_HUMAN,0.325422,0.172648,5,2.603376
NKNLTTENKNLTDQN,8,emm6,"A,B",sp|P12883|MYH7_HUMAN,0.322428,0.1782874,5,2.579424
ELEARKADLEKALEG,8,emm24,"A,B",sp|P12883|MYH7_HUMAN,0.317479,0.19974319999999998,5,2.539832
NNNLTDQNKNLTTEN,8,emm6,B,sp|P12883|MYH7_HUMAN,0.311183,0.14029439999999999,5,2.489464
NDELTEELSNAKEKL,8,emm24,B,sp|P12883|MYH7_HUMAN,0.301923,0.20146139999999998,5,2.415384
IQELEARKADLEKAL,8,emm24,"A,B",sp|P12883|MYH7_HUMAN,0.289579,0.19852399999999998,5,2.316632
NNLTDQNKNLTTENK,8,emm6,B,sp|P12883|MYH7_HUMAN,0.288284,0.1220748,5,2.306272
NLTDQNKNLTTENKE,8,emm6,"A,B",sp|P12883|MYH7_HUMAN,0.269276,0.11221320000000001,5,2.154208
LTEELSNAKEKLRKN,8,emm24,B,sp|P12883|MYH7_HUMAN,0.264181,0.1720418,5,2.113448
KRAEELEKAKQALED,8,emm1,"A,B",sp|P12883|MYH7_HUMAN,0.248968,0.1157586,5,1.991744
EDQRKDLETKLKELQ,8,emm1,"A,B",sp|P12883|MYH7_HUMAN,0.232414,0.158856,5,1.859312
TDQNKNLTTENKELK,8,emm6,"A,B",sp|P12883|MYH7_HUMAN,0.227507,0.1961224,5,1.820056
TEELSNAKEKLRKND,8,emm24,B,sp|P12883|MYH7_HUMAN,0.218573,0.1602006,5,1.748584
ELTEELSNAKEKLRK,8,emm24,B,sp|P12883|MYH7_HUMAN,0.216653,0.158377,5,1.733224
DELTEELSNAKEKLR,8,emm24,B,sp|P12883|MYH7_HUMAN,0.20419,0.15048620000000001,5,1.63352
LEDQRKDLETKLKEL,8,emm1,"A,B",sp|P12883|MYH7_HUMAN,0.195565,0.1689414,5,1.56452
AKQALEDQRKDLETK,8,emm1,"A,B",sp|P12883|MYH7_HUMAN,0.184546,0.09740819999999999,5,1.476368
KQALEDQRKDLETKL,8,emm1,"A,B",sp|P12883|MYH7_HUMAN,0.175943,0.1134844,5,1.407544
RAEELEKAKQALEDQ,8,emm1,"A,B",sp|P12883|MYH7_HUMAN,0.169052,0.10124360000000002,5,1.352416
ELEKAKQALEDQRKD,8,emm1,"A,B",sp|P12883|MYH7_HUMAN,0.098743,0.07821439999999999,5,0.789944
